{"cameraMode":{"drawMode":0,"name":"Shaded","section":"Shading Mode"},"sceneLighting":true,"audioPlay":false,"sceneViewState":{"m_AlwaysRefresh":false,"showFog":true,"showSkybox":true,"showFlares":true,"showImageEffects":true,"showParticleSystems":true,"showVisualEffectGraphs":true,"m_FxEnabled":true},"in2DMode":false,"pivot":{"x":7.561796188354492,"y":19.018924713134767,"z":46.61603546142578},"rotation":{"x":0.36067190766334536,"y":-0.24602589011192323,"z":0.09923679381608963,"w":0.8941718339920044},"size":32.39221954345703,"orthographic":false}